experiment_id;sample;sequence;sent_at_ms;rtt_ms;srtt_ms;status
baseline;1;100;19607964;1.906;1.906;received
baseline;2;101;19608478;2.257;1.94987;received
baseline;3;102;19608992;1.823;1.93402;received
baseline;4;103;19609494;4.358;2.23701;received
baseline;5;104;19610008;4.606;2.53314;received
baseline;6;105;19610523;4.67;2.80024;received
baseline;7;106;19611039;11.835;3.92959;received
baseline;8;107;19611558;3.759;3.90827;received
baseline;9;108;19612073;4.196;3.94423;received
baseline;10;109;19612588;5.233;4.10533;received
baseline;11;110;19613106;4.159;4.11204;received
baseline;12;111;19613623;3.901;4.08566;received
baseline;13;112;19614139;5.461;4.25758;received
baseline;14;113;19614652;4.279;4.26025;received
baseline;15;114;19615168;6.998;4.60247;received
baseline;16;115;19615683;3.967;4.52304;received
baseline;17;116;19616198;4.837;4.56228;received
baseline;18;117;19616714;4.368;4.538;received
baseline;19;118;19617228;5.338;4.638;received
baseline;20;119;19617743;4.401;4.60837;received
baseline;21;120;19618258;1.785;4.25545;received
baseline;22;121;19618772;3.879;4.2084;received
baseline;23;122;19619287;4.303;4.22022;received
baseline;24;123;19619807;40.8;8.79269;received
baseline;25;124;19620371;5.528;8.38461;received
baseline;26;125;19620888;6.154;8.10578;received
baseline;27;126;19621400;4.942;7.71031;received
baseline;28;127;19621915;6.86;7.60402;received
baseline;29;128;19622433;5.117;7.29314;received
baseline;30;129;19622949;4.89;6.99275;received
baseline;31;130;19623466;6.505;6.93178;received
baseline;32;131;19623980;4.693;6.65193;received
baseline;33;132;19624495;4.322;6.36069;received
baseline;34;133;19625009;4.366;6.11136;received
baseline;35;134;19625524;4.467;5.90581;received
baseline;36;135;19626039;4.257;5.69971;received
baseline;37;136;19626554;4.485;5.54787;received
baseline;38;137;19627071;4.531;5.42076;received
baseline;39;138;19627587;4.578;5.31542;received
baseline;40;139;19628105;4.504;5.21399;received
baseline;41;140;19628621;4.801;5.16237;received
baseline;42;141;19629140;4.889;5.1282;received
baseline;43;142;19629658;4.296;5.02417;received
baseline;44;143;19630162;5.346;5.0644;received
baseline;45;144;19630677;4.286;4.9671;received
baseline;46;145;19631182;4.307;4.88459;received
baseline;47;146;19631697;4.217;4.80114;received
baseline;48;147;19632214;4.319;4.74087;received
baseline;49;148;19632730;4.867;4.75664;received
baseline;50;149;19633246;5.899;4.89943;received
delay_50;1;100;19645958;64.136;64.136;received
delay_50;2;101;19646535;78.796;65.9685;received
delay_50;3;102;19647117;63.766;65.6932;received
delay_50;4;103;19647697;63.334;65.3983;received
delay_50;5;104;19648263;63.339;65.1409;received
delay_50;6;105;19648828;78.11;66.762;received
delay_50;7;106;19649420;63.614;66.3685;received
delay_50;8;107;19649986;79.816;68.0495;received
delay_50;9;108;19650579;79.441;69.4734;received
delay_50;10;109;19651171;79.008;70.6652;received
delay_50;11;110;19651765;79.934;71.8238;received
delay_50;12;111;19652359;78.471;72.6547;received
delay_50;13;112;19652938;79.005;73.4485;received
delay_50;14;113;19653519;78.598;74.0922;received
delay_50;15;114;19654099;62.826;72.6839;received
delay_50;16;115;19654677;64.308;71.6369;received
delay_50;17;116;19655257;76.9;72.2948;received
delay_50;18;117;19655848;63.68;71.218;received
delay_50;19;118;19656426;63.615;70.2676;received
delay_50;20;119;19657004;78.832;71.3381;received
delay_50;21;120;19657598;63.541;70.3635;received
delay_50;22;121;19658177;63.535;69.5099;received
delay_50;23;122;19658742;62.932;68.6877;received
delay_50;24;123;19659309;78.977;69.9739;received
delay_50;25;124;19659889;78.142;70.9949;received
delay_50;26;125;19660468;78.277;71.9051;received
delay_50;27;126;19661058;79.568;72.863;received
delay_50;28;127;19661639;79.031;73.634;received
delay_50;29;128;19662229;63.424;72.3577;received
delay_50;30;129;19662806;63.61;71.2643;received
delay_50;31;130;19663385;78.244;72.1367;received
delay_50;32;131;19663965;80.216;73.1467;received
delay_50;33;132;19664545;77.47;73.6871;received
delay_50;34;133;19665136;78.542;74.2939;received
delay_50;35;134;19665729;62.749;72.8508;received
delay_50;36;135;19666293;79.273;73.6536;received
delay_50;37;136;19666886;78.325;74.2375;received
delay_50;38;137;19667466;77.154;74.6021;received
delay_50;39;138;19668058;63.294;73.1886;received
delay_50;40;139;19668622;78.617;73.8671;received
delay_50;41;140;19669217;79.05;74.515;received
delay_50;42;141;19669796;78.163;74.971;received
delay_50;43;142;19670390;79.594;75.5489;received
delay_50;44;143;19670984;78.653;75.9369;received
delay_50;45;144;19671564;78.142;76.2125;received
delay_50;46;145;19672144;77.142;76.3287;received
delay_50;47;146;19672735;78.832;76.6416;received
delay_50;48;147;19673328;79.223;76.9643;received
delay_50;49;148;19673909;79.639;77.2986;received
delay_50;50;149;19674503;80.154;77.6555;received
delay_100;1;100;19686982;108.984;108.984;received
delay_100;2;101;19687604;110.344;109.154;received
delay_100;3;102;19688229;110.41;109.311;received
delay_100;4;103;19688853;110.59;109.471;received
delay_100;5;104;19689466;127.43;111.716;received
delay_100;6;105;19690107;109.163;111.397;received
delay_100;7;106;19690719;779.311;194.886;received
delay_100;8;107;19692011;109.546;184.218;received
delay_100;9;108;19692634;109.962;174.936;received
delay_100;10;109;19693258;108.642;166.65;received
delay_100;11;110;19693881;108.605;159.394;received
delay_100;12;111;19694490;109.239;153.125;received
delay_100;13;112;19695113;111.5;147.922;received
delay_100;14;113;19695726;110.316;143.221;received
delay_100;15;114;19696352;111.096;139.205;received
delay_100;16;115;19696976;110.84;135.66;received
delay_100;17;116;19697602;109.796;132.427;received
delay_100;18;117;19698225;110.42;129.676;received
delay_100;19;118;19698837;111.343;127.384;received
delay_100;20;119;19699450;108.615;125.038;received
delay_100;21;120;19700074;110.698;123.246;received
delay_100;22;121;19700687;110.539;121.657;received
delay_100;23;122;19701310;111.443;120.38;received
delay_100;24;123;19701936;109.384;119.006;received
delay_100;25;124;19702547;110.204;117.906;received
delay_100;26;125;19703173;110.345;116.961;received
delay_100;27;126;19703785;123.842;117.821;received
delay_100;28;127;19704424;109.934;116.835;received
delay_100;29;128;19705049;108.626;115.809;received
delay_100;30;129;19705674;111.292;115.244;received
delay_100;31;130;19706300;125.448;116.52;received
delay_100;32;131;19706928;109.554;115.649;received
delay_100;33;132;19707553;109.18;114.84;received
delay_100;34;133;19708177;110.177;114.257;received
delay_100;35;134;19708801;110.117;113.74;received
delay_100;36;135;19709413;108.175;113.044;received
delay_100;37;136;19710036;110.126;112.679;received
delay_100;38;137;19710662;112.209;112.621;received
delay_100;39;138;19711286;109.447;112.224;received
delay_100;40;139;19711912;109.744;111.914;received
delay_100;41;140;19712523;107.981;111.422;received
delay_100;42;141;19713146;110.179;111.267;received
delay_100;43;142;19713771;109.771;111.08;received
delay_100;44;143;19714396;111.543;111.138;received
delay_100;45;144;19715023;108.703;110.833;received
delay_100;46;145;19715632;110.162;110.75;received
delay_100;47;146;19716243;111.363;110.826;received
delay_100;48;147;19716868;0;0;timeout
delay_100;49;148;19718382;0;0;timeout
delay_100;50;149;19719898;0;0;timeout
jitter;1;100;19732907;78.691;78.691;received
jitter;2;101;19733501;78.955;78.724;received
jitter;3;102;19734082;64.427;76.9369;received
jitter;4;103;19734661;47.706;73.283;received
jitter;5;104;19735211;47.623;70.0755;received
jitter;6;105;19735760;48.667;67.3994;received
jitter;7;106;19736322;64.217;67.0016;received
jitter;8;107;19736888;94.766;70.4722;received
jitter;9;108;19737496;79.582;71.6109;received
jitter;10;109;19738091;78.691;72.4959;received
jitter;11;110;19738672;78.823;73.2868;received
jitter;12;111;19739265;93.67;75.8347;received
jitter;13;112;19739873;94.218;78.1326;received
jitter;14;113;19740468;77.791;78.0899;received
jitter;15;114;19741058;77.882;78.0639;received
jitter;16;115;19741648;79.546;78.2492;received
jitter;17;116;19742230;83.068;78.8515;received
jitter;18;117;19742824;62.201;76.7702;received
jitter;19;118;19743402;79.286;77.0847;received
jitter;20;119;19743997;61.951;75.193;received
jitter;21;120;19744574;77.535;75.4857;received
jitter;22;121;19745153;92.686;77.6358;received
jitter;23;122;19745761;93.712;79.6453;received
jitter;24;123;19746355;47.165;75.5853;received
jitter;25;124;19746904;46.842;71.9924;received
jitter;26;125;19747465;62.053;70.7499;received
jitter;27;126;19748029;63.127;69.7971;received
jitter;28;127;19748608;62.641;68.9026;received
jitter;29;128;19749174;64.85;68.396;received
jitter;30;129;19749755;79.557;69.7911;received
jitter;31;130;19750334;78.927;70.9331;received
jitter;32;131;19750928;79.715;72.0308;received
jitter;33;132;19751510;93.698;74.7392;received
jitter;34;133;19752118;78.201;75.172;received
jitter;35;134;19752698;79.827;75.7538;received
jitter;36;135;19753293;78.93;76.1509;received
jitter;37;136;19753886;94.272;78.416;received
jitter;38;137;19754496;95.836;80.5935;received
jitter;39;138;19755108;79.449;80.4504;received
jitter;40;139;19755701;61.814;78.1209;received
jitter;41;140;19756278;79.399;78.2806;received
jitter;42;141;19756870;81.025;78.6237;received
jitter;43;142;19757452;79.602;78.746;received
jitter;44;143;19758044;96.245;80.9334;received
jitter;45;144;19758656;62.702;78.6544;received
jitter;46;145;19759229;64.08;76.8326;received
jitter;47;146;19759808;63.313;75.1427;received
jitter;48;147;19760372;80.349;75.7935;received
jitter;49;148;19760968;77.972;76.0658;received
jitter;50;149;19761560;62.714;74.3968;received
loss_5;1;100;19773981;1.856;1.856;received
loss_5;2;101;19774496;1.783;1.84688;received
loss_5;3;102;19775009;1.406;1.79177;received
loss_5;4;103;19775524;4.177;2.08992;received
loss_5;5;104;19776041;10.212;3.10518;received
loss_5;6;105;19776556;0;0;timeout
loss_5;7;106;19778084;1.694;2.92878;received
loss_5;8;107;19778588;9.214;3.71443;received
loss_5;9;108;19779103;13.584;4.94813;received
loss_5;10;109;19779620;9.678;5.53936;received
loss_5;11;110;19780136;8.618;5.92419;received
loss_5;12;111;19780649;10.622;6.51142;received
loss_5;13;112;19781165;5.75;6.41624;received
loss_5;14;113;19781683;9.38;6.78671;received
loss_5;15;114;19782202;10.715;7.27775;received
loss_5;16;115;19782716;9.568;7.56403;received
loss_5;17;116;19783232;8.786;7.71678;received
loss_5;18;117;19783750;8.851;7.85855;received
loss_5;19;118;19784267;9.839;8.10611;received
loss_5;20;119;19784785;10.268;8.37635;received
loss_5;21;120;19785304;8.969;8.45043;received
loss_5;22;121;19785822;9.338;8.56137;received
loss_5;23;122;19786337;9.774;8.71295;received
loss_5;24;123;19786853;0;0;timeout
loss_5;25;124;19788373;0;0;timeout
loss_5;26;125;19789889;9.442;8.80408;received
loss_5;27;126;19790407;9.539;8.89595;received
loss_5;28;127;19790921;9.928;9.02495;received
loss_5;29;128;19791439;9.188;9.04534;received
loss_5;30;129;19791954;8.023;8.91754;received
loss_5;31;130;19792470;10.127;9.06873;received
loss_5;32;131;19792989;10.756;9.27963;received
loss_5;33;132;19793503;9.148;9.26318;received
loss_5;34;133;19794017;8.952;9.22428;received
loss_5;35;134;19794534;8.887;9.18212;received
loss_5;36;135;19795048;8.975;9.15623;received
loss_5;37;136;19795563;10.215;9.28858;received
loss_5;38;137;19796078;9.342;9.29526;received
loss_5;39;138;19796593;9.226;9.2866;received
loss_5;40;139;19797110;8.938;9.24302;received
loss_5;41;140;19797623;2.943;8.45552;received
loss_5;42;141;19798138;1.392;7.57258;received
loss_5;43;142;19798650;6.476;7.43551;received
loss_5;44;143;19799168;9.723;7.72144;received
loss_5;45;144;19799686;9.878;7.99101;received
loss_5;46;145;19800205;10.285;8.27776;received
loss_5;47;146;19800719;10.283;8.52842;received
loss_5;48;147;19801235;1.809;7.68849;received
loss_5;49;148;19801749;1.522;6.91768;received
loss_5;50;149;19802264;1.606;6.25372;received
combined;1;100;19818901;74.363;74.363;received
combined;2;101;19819489;79.267;74.976;received
combined;3;102;19820081;64.852;73.7105;received
combined;4;103;19820661;47.818;70.4739;received
combined;5;104;19821210;48.525;67.7303;received
combined;6;105;19821773;0;0;timeout
combined;7;106;19823290;47.849;65.2452;received
combined;8;107;19823852;63.654;65.0463;received
combined;9;108;19824421;95.706;68.8787;received
combined;10;109;19825024;63.15;68.1626;received
combined;11;110;19825589;80.283;69.6777;received
combined;12;111;19826182;80.14;70.9855;received
combined;13;112;19826777;94.027;73.8657;received
combined;14;113;19827384;78.507;74.4458;received
combined;15;114;19827964;64.142;73.1579;received
combined;16;115;19828543;79.08;73.8981;received
combined;17;116;19829126;92.859;76.2682;received
combined;18;117;19829731;79.346;76.653;received
combined;19;118;19830324;64.23;75.1001;received
combined;20;119;19830890;80.489;75.7737;received
combined;21;120;19831473;49.624;72.505;received
combined;22;121;19832033;77.851;73.1732;received
combined;23;122;19832625;95.99;76.0253;received
combined;24;123;19833235;0;0;timeout
combined;25;124;19834749;0;0;timeout
combined;26;125;19836254;94.648;78.3532;received
combined;27;126;19836851;48.001;74.5591;received
combined;28;127;19837412;48.048;71.2453;received
combined;29;128;19837974;63.809;70.3157;received
combined;30;129;19838540;48.385;67.5744;received
combined;31;130;19839092;64.28;67.1626;received
combined;32;131;19839658;71.509;67.7059;received
combined;33;132;19840238;79.163;69.138;received
combined;34;133;19840820;80.545;70.5639;received
combined;35;134;19841403;80.292;71.7799;received
combined;36;135;19841987;79.922;72.7977;received
combined;37;136;19842572;80.25;73.7292;received
combined;38;137;19843156;95.124;76.4036;received
combined;39;138;19843757;63.252;74.7596;received
combined;40;139;19844321;78.686;75.2504;received
combined;41;140;19844914;81.338;76.0114;received
combined;42;141;19845509;79.483;76.4453;received
combined;43;142;19846093;63.474;74.8239;received
combined;44;143;19846658;79.27;75.3797;received
combined;45;144;19847253;93.669;77.6658;received
combined;46;145;19847859;80.6;78.0326;received
combined;47;146;19848450;94.293;80.0652;received
combined;48;147;19849046;78.964;79.9275;received
combined;49;148;19849627;62.627;77.7649;received
combined;50;149;19850190;62.238;75.8241;received
